Date,Open,High,Low,Close,Volume
10/27/2021,669.0,671.41,661.85,662.92,"2,276,914"
10/26/2021,673.76,676.49,662.77,668.52,"2,904,840"
10/25/2021,663.74,675.88,657.07,671.66,"3,833,526"
10/22/2021,651.81,665.46,651.81,664.78,"6,186,016"
10/21/2021,628.89,654.01,628.65,653.16,"8,437,070"
10/20/2021,625.57,637.4,617.15,625.14,"10,622,000"
10/19/2021,636.97,641.0,632.3,639.0,"7,633,147"
10/18/2021,632.1,638.41,620.59,637.97,"4,669,071"
10/15/2021,638.0,639.42,625.16,628.29,"4,116,874"
10/14/2021,632.23,636.88,626.79,633.8,"2,672,535"
10/13/2021,632.18,632.18,622.1,629.76,"2,424,638"
10/12/2021,633.02,637.66,621.99,624.94,"3,227,349"
10/11/2021,633.2,639.42,626.78,627.04,"2,862,470"
10/08/2021,634.17,643.8,630.86,632.66,"3,272,093"
10/07/2021,642.23,646.84,630.45,631.85,"3,556,886"
10/06/2021,628.18,639.87,626.36,639.1,"4,580,434"
10/05/2021,606.94,640.39,606.89,634.81,"9,534,293"
10/04/2021,613.39,626.13,594.68,603.35,"4,995,932"
10/01/2021,604.24,614.99,597.51,613.15,"4,090,847"
09/30/2021,608.05,619.0,608.05,610.34,"6,616,040"
09/29/2021,589.01,609.88,588.01,599.06,"6,221,026"
09/28/2021,589.0,599.54,580.16,583.85,"4,431,051"
09/27/2021,587.95,593.58,576.93,592.64,"2,504,738"
09/24/2021,592.5,592.98,583.64,592.39,"2,126,246"
09/23/2021,590.79,599.32,589.13,593.26,"2,526,161"
09/22/2021,579.69,595.65,579.69,590.65,"4,021,845"
09/21/2021,578.31,581.88,569.37,573.14,"2,250,884"
09/20/2021,586.79,591.53,568.08,575.43,"3,732,227"
09/17/2021,587.85,590.28,580.85,589.35,"4,145,145"
09/16/2021,584.3,587.48,577.72,586.5,"1,832,028"
09/15/2021,578.17,584.62,575.37,582.87,"2,755,615"
09/14/2021,584.89,587.28,575.56,577.76,"3,456,958"
09/13/2021,598.57,598.57,582.78,589.29,"3,062,871"
09/10/2021,598.16,609.45,593.67,598.72,"3,950,764"
09/09/2021,606.47,609.44,596.55,597.54,"2,954,214"
09/08/2021,603.84,615.6,595.71,606.05,"5,424,503"
09/07/2021,594.69,613.85,593.99,606.71,"5,830,979"
09/03/2021,585.8,591.88,583.14,590.53,"2,684,005"
09/02/2021,583.68,598.76,583.68,588.55,"6,184,782"
09/01/2021,569.0,591.0,569.0,582.07,"5,626,214"
08/31/2021,566.12,569.48,561.61,569.19,"2,431,886"
08/30/2021,557.25,567.16,556.45,566.18,"2,434,839"
08/27/2021,551.6,564.17,549.25,558.92,"3,252,595"
08/26/2021,546.16,552.6,545.9,550.12,"1,595,499"
08/25/2021,550.16,552.84,545.45,547.58,"2,065,621"
08/24/2021,551.48,555.31,549.27,553.41,"2,109,525"
08/23/2021,545.98,555.55,543.74,553.33,"2,602,010"
08/20/2021,545.09,551.39,539.1,546.88,"3,776,429"
08/19/2021,522.74,548.39,521.87,543.71,"7,497,292"
08/18/2021,520.0,526.38,518.65,521.87,"2,582,046"
08/17/2021,515.47,520.79,514.2,518.91,"2,309,803"
08/16/2021,515.24,523.38,512.3,517.92,"2,033,176"
08/13/2021,512.64,521.44,511.51,515.92,"2,177,736"
08/12/2021,511.86,513.0,507.2,510.72,"1,686,170"
08/11/2021,517.0,519.57,509.77,512.4,"1,673,904"
08/10/2021,520.0,520.79,512.97,515.84,"1,960,544"
08/09/2021,521.15,522.67,517.99,519.97,"1,367,782"
08/06/2021,524.0,526.84,519.39,520.55,"1,919,798"
08/05/2021,517.13,525.41,514.02,524.89,"2,556,687"
08/04/2021,513.0,517.98,510.37,517.35,"2,039,374"
08/03/2021,514.39,515.63,505.37,510.82,"2,579,427"
08/02/2021,519.0,519.85,510.51,515.15,"2,096,632"
07/30/2021,512.69,519.79,510.96,517.57,"2,537,107"
07/29/2021,519.96,520.78,513.79,514.25,"1,736,014"
07/28/2021,521.82,524.47,516.98,519.3,"2,390,466"
07/27/2021,518.08,521.95,512.05,518.91,"2,759,037"
07/26/2021,514.38,521.13,509.01,516.49,"2,254,538"
07/23/2021,512.16,517.41,504.66,515.41,"3,820,478"
07/22/2021,510.21,513.68,507.0,511.77,"4,328,061"
07/21/2021,526.13,530.99,505.61,513.63,"11,906,790"
07/20/2021,526.07,536.64,520.3,531.05,"6,930,440"
07/19/2021,526.05,534.91,522.24,532.28,"3,885,764"
07/16/2021,541.81,544.06,527.05,530.31,"3,442,101"
07/15/2021,553.97,557.54,538.2,542.95,"5,713,873"
07/14/2021,541.01,554.1,541.01,547.95,"4,659,535"
07/13/2021,535.76,545.33,535.76,540.68,"2,751,593"
07/12/2021,540.3,540.65,532.92,537.31,"1,780,738"
07/09/2021,531.0,538.26,528.58,535.98,"2,777,231"
07/08/2021,530.93,535.5,529.09,530.76,"3,268,988"
07/07/2021,544.24,544.64,531.66,535.96,"2,722,498"
07/06/2021,533.0,542.86,533.0,541.64,"2,775,051"
07/02/2021,535.5,538.54,529.39,533.98,"1,980,316"
07/01/2021,525.72,537.04,525.72,533.54,"2,805,402"
06/30/2021,534.06,534.38,526.82,528.21,"2,773,445"
06/29/2021,533.55,536.13,528.57,533.5,"2,314,647"
06/28/2021,528.12,533.94,524.56,533.03,"2,820,227"
06/25/2021,528.84,533.06,525.0,527.07,"5,299,072"
06/24/2021,517.96,520.96,514.4,518.06,"3,361,202"
06/23/2021,508.48,516.63,508.2,512.74,"3,944,782"
06/22/2021,498.54,513.55,495.8,508.82,"5,809,271"
06/21/2021,501.64,502.05,492.28,497.0,"5,277,297"
06/18/2021,496.4,504.49,495.24,500.77,"5,197,576"
06/17/2021,490.25,501.8,490.15,498.34,"3,198,273"
06/16/2021,495.0,496.46,486.28,492.41,"3,533,206"
06/15/2021,501.23,501.23,490.4,491.9,"3,104,073"
06/14/2021,489.68,503.5,486.91,499.89,"4,400,222"
06/11/2021,490.0,491.41,487.78,488.77,"3,123,969"
06/10/2021,487.17,490.21,482.14,487.27,"4,382,928"
06/09/2021,494.5,496.09,484.65,485.81,"3,055,029"
06/08/2021,497.0,498.82,489.37,492.39,"2,374,037"
06/07/2021,492.92,496.7,490.55,494.66,"2,791,932"
06/04/2021,492.0,501.86,490.95,494.74,"3,160,487"
06/03/2021,495.19,496.66,487.25,489.43,"3,887,445"
06/02/2021,499.82,503.22,495.82,499.24,"2,268,979"
06/01/2021,504.01,505.41,497.74,499.08,"2,482,555"
05/28/2021,504.4,511.76,502.53,502.81,"2,911,297"
05/27/2021,501.8,505.1,498.54,503.86,"3,253,773"
05/26/2021,502.34,504.14,500.5,502.36,"2,465,303"
05/25/2021,506.0,506.37,499.22,501.34,"2,699,459"
05/24/2021,501.05,504.25,499.51,502.9,"2,412,595"
05/21/2021,503.12,505.4,497.26,497.89,"3,322,925"
05/20/2021,489.55,502.7,488.98,501.67,"3,721,218"
05/19/2021,481.63,488.57,478.54,487.7,"3,349,930"
05/18/2021,488.4,493.48,486.19,486.28,"2,350,496"
05/17/2021,485.59,492.71,482.81,488.94,"2,701,057"
05/14/2021,487.86,494.85,486.59,493.37,"2,882,464"
05/13/2021,489.13,490.78,482.71,486.66,"2,716,561"
05/12/2021,486.83,493.54,482.7,484.98,"4,121,540"
05/11/2021,479.75,497.99,478.63,495.08,"4,401,000"
05/10/2021,502.0,503.15,486.11,486.69,"5,131,632"
05/07/2021,504.62,508.55,501.12,503.84,"3,132,786"
05/06/2021,495.99,499.55,491.37,499.55,"3,783,698"
05/05/2021,504.99,507.78,494.63,496.08,"3,129,366"
05/04/2021,510.78,511.63,496.79,503.18,"4,349,502"
05/03/2021,512.65,518.95,505.2,509.11,"4,091,895"
04/30/2021,505.0,514.55,505.0,513.47,"4,413,242"
04/29/2021,507.6,509.29,499.0,509.0,"5,127,792"
04/28/2021,505.2,508.4,503.34,506.52,"3,192,983"
04/27/2021,512.62,512.99,504.58,505.55,"3,761,327"
04/26/2021,506.76,510.48,503.0,510.3,"4,388,839"
04/23/2021,509.01,509.7,500.7,505.55,"7,314,659"
04/22/2021,513.82,513.96,500.55,508.78,"9,061,062"
04/21/2021,508.0,515.46,503.6,508.9,"22,897,449"
04/20/2021,554.42,563.56,546.3,549.57,"11,257,650"
04/19/2021,546.9,556.44,545.53,554.44,"4,288,715"
04/16/2021,550.54,551.98,539.51,546.54,"3,209,075"
04/15/2021,544.17,553.49,542.66,549.22,"3,139,050"
04/14/2021,554.87,554.87,538.53,540.02,"3,740,294"
04/13/2021,557.0,559.75,550.3,553.73,"2,720,344"
04/12/2021,551.05,557.98,549.58,552.78,"2,944,060"
04/09/2021,552.69,556.9,547.11,555.31,"2,894,034"
04/08/2021,551.13,556.9,547.57,554.58,"4,309,829"
04/07/2021,543.5,549.64,541.45,546.99,"2,151,319"
04/06/2021,544.81,554.17,543.3,544.53,"3,474,205"
04/05/2021,540.01,542.85,529.23,540.67,"3,355,904"
04/01/2021,529.93,540.5,527.03,539.42,"3,938,637"
03/31/2021,515.68,528.13,515.44,521.66,"3,503,111"
03/30/2021,510.51,514.41,506.91,513.39,"2,418,129"
03/29/2021,505.66,518.0,504.4,513.95,"3,330,049"
03/26/2021,502.82,508.72,496.68,508.05,"3,467,797"
03/25/2021,516.99,518.53,497.0,502.86,"4,926,764"
03/24/2021,533.78,534.42,520.0,520.81,"4,102,211"
03/23/2021,529.87,543.12,529.4,535.09,"5,583,461"
03/22/2021,509.13,529.31,509.13,523.11,"3,360,587"
03/19/2021,504.96,513.19,501.63,512.18,"4,386,360"
03/18/2021,516.4,517.9,503.85,504.79,"4,096,606"
03/17/2021,522.0,528.37,514.3,524.44,"2,817,376"
03/16/2021,524.47,533.42,523.21,524.03,"3,238,888"
03/15/2021,516.32,520.73,508.03,520.25,"3,485,519"
03/12/2021,512.5,526.51,506.59,518.02,"3,981,743"
03/11/2021,512.21,530.24,510.71,523.06,"4,714,469"
03/10/2021,513.5,518.97,504.25,504.54,"3,771,484"
03/09/2021,507.31,513.11,503.82,506.44,"3,470,042"
03/08/2021,514.46,518.84,492.85,493.33,"3,981,758"
03/05/2021,511.98,517.76,498.79,516.39,"5,069,973"
03/04/2021,521.5,531.5,507.68,511.29,"5,034,792"
03/03/2021,545.93,548.01,517.81,520.7,"5,362,443"
03/02/2021,553.34,556.99,546.02,547.82,"3,042,226"
03/01/2021,545.57,552.14,542.0,550.64,"3,042,180"
02/26/2021,546.51,553.09,538.0,538.85,"3,755,574"
02/25/2021,550.27,556.48,535.75,546.7,"4,252,879"
02/24/2021,539.8,556.85,539.07,553.41,"3,245,038"
02/23/2021,525.0,548.54,518.28,546.15,"4,136,532"
02/22/2021,534.99,541.79,530.79,533.78,"3,078,594"
02/19/2021,548.0,548.99,538.81,540.22,"2,841,457"
02/18/2021,549.0,550.0,538.23,548.22,"2,457,604"
02/17/2021,550.99,555.25,543.03,551.34,"2,071,590"
02/16/2021,557.29,563.63,552.73,557.28,"2,624,097"
02/12/2021,556.94,561.25,550.85,556.52,"2,197,128"
02/11/2021,564.44,565.93,554.22,557.59,"2,730,587"
02/10/2021,562.5,566.65,553.46,563.59,"3,991,264"
02/09/2021,546.0,566.0,543.0,559.07,"3,703,499"
02/08/2021,555.0,555.0,543.7,547.92,"2,791,721"
02/05/2021,552.26,554.44,545.48,550.79,"2,376,175"
02/04/2021,539.81,559.48,537.51,552.16,"5,164,537"
02/03/2021,550.17,550.48,538.24,539.45,"3,172,288"
02/02/2021,542.01,555.48,538.94,548.16,"3,767,569"
02/01/2021,536.79,545.06,531.73,539.04,"3,547,507"
01/29/2021,538.0,541.0,530.18,532.39,"4,325,264"
01/28/2021,535.88,553.15,530.74,538.6,"5,968,978"
01/27/2021,550.71,556.42,515.73,523.28,"8,670,277"
01/26/2021,554.73,567.99,554.06,561.93,"5,023,847"
01/25/2021,567.0,569.75,548.65,556.78,"7,207,329"
01/22/2021,582.1,583.99,564.35,565.17,"7,550,822"
01/21/2021,582.45,588.75,570.4,579.84,"11,840,630"
01/20/2021,565.42,593.29,556.86,586.34,"32,637,449"
01/19/2021,501.0,509.25,493.54,501.77,"12,315,810"
01/15/2021,500.0,506.32,495.1,497.98,"5,895,788"
01/14/2021,507.35,514.5,499.58,500.86,"4,177,357"
01/13/2021,495.5,512.35,493.01,507.79,"5,032,099"
01/12/2021,500.0,501.09,485.67,494.25,"5,990,425"
01/11/2021,507.84,510.73,497.95,499.1,"3,812,720"
01/08/2021,511.31,513.24,504.51,510.4,"2,973,949"
01/07/2021,508.28,516.44,506.42,508.89,"3,686,448"
01/06/2021,511.97,513.1,499.5,500.49,"5,346,210"
01/05/2021,521.55,526.78,515.89,520.8,"3,133,872"
01/04/2021,539.0,540.8,515.09,522.86,"4,444,407"
12/31/2020,525.53,545.5,523.15,540.73,"5,392,322"
12/30/2020,530.13,533.26,523.69,524.59,"1,876,286"
12/29/2020,519.9,536.55,515.48,530.87,"4,022,358"
12/28/2020,516.43,523.66,507.13,519.12,"2,891,867"
12/24/2020,515.12,519.35,512.21,513.97,"1,143,952"
12/23/2020,524.76,526.32,514.2,514.48,"2,393,187"
12/22/2020,527.69,530.4,520.5,527.33,"1,908,529"
12/21/2020,530.05,532.62,521.15,528.91,"3,893,964"
12/18/2020,533.2,536.37,526.02,534.45,"4,502,692"
12/17/2020,529.0,535.49,526.44,532.9,"3,193,377"
12/16/2020,520.11,527.38,517.69,524.83,"3,682,392"
12/15/2020,518.5,524.7,513.56,519.78,"3,398,209"
12/14/2020,505.44,524.16,501.18,522.42,"5,770,424"
12/11/2020,495.0,503.34,494.85,503.22,"3,210,928"
12/10/2020,494.56,503.77,492.91,501.09,"3,018,203"
12/09/2020,510.53,514.5,491.29,493.6,"4,178,768"
12/08/2020,517.9,521.49,505.55,512.66,"4,228,950"
12/07/2020,500.01,517.76,497.77,515.78,"4,289,293"
12/04/2020,497.5,504.5,493.64,498.31,"3,666,243"
12/03/2020,502.99,508.77,496.04,497.52,"2,826,116"
12/02/2020,501.62,506.8,493.5,503.38,"3,028,358"
12/01/2020,492.34,509.47,491.98,504.58,"5,063,234"
11/30/2020,490.08,492.55,481.27,490.7,"3,530,940"
11/27/2020,486.58,493.25,481.85,491.36,"2,805,762"
11/25/2020,485.13,486.9,478.92,485.0,"3,598,629"
11/24/2020,478.84,484.05,475.89,482.88,"3,557,894"
11/23/2020,490.46,491.15,475.84,476.62,"5,416,571"
11/20/2020,485.22,494.76,481.57,488.24,"4,255,924"
11/19/2020,482.0,487.8,480.47,484.67,"2,254,653"
11/18/2020,481.95,488.61,477.72,481.79,"3,629,237"
11/17/2020,480.12,487.51,478.85,480.63,"3,698,082"
11/16/2020,480.0,485.58,477.3,479.1,"3,953,563"
11/13/2020,486.77,488.94,477.8,482.84,"3,006,510"
11/12/2020,491.0,496.52,480.43,486.77,"5,071,155"
11/11/2020,483.0,491.68,478.26,490.76,"5,460,532"
11/10/2020,470.95,484.6,463.41,480.24,"8,306,142"
11/09/2020,485.54,495.85,467.26,470.5,"10,419,680"
11/06/2020,515.0,515.21,502.51,514.73,"4,236,349"
11/05/2020,506.56,518.73,503.45,513.76,"5,372,781"
11/04/2020,495.36,507.73,493.98,496.95,"5,137,330"
11/03/2020,484.93,495.31,478.76,487.22,"3,690,213"
11/02/2020,478.87,486.3,475.0,484.12,"4,408,193"
10/30/2020,502.01,505.88,472.21,475.74,"7,813,897"
10/29/2020,488.5,513.9,479.34,504.21,"11,120,690"
10/28/2020,486.36,494.0,483.28,486.24,"5,992,731"
10/27/2020,490.01,490.49,482.93,488.93,"3,627,175"
10/27/2020,490.01,490.49,482.93,488.93,"3,627,175"
10/26/2020,487.03,496.82,478.9,488.24,"6,186,087"
10/23/2020,488.11,490.06,481.35,488.28,"4,927,862"
10/22/2020,494.69,495.14,482.0,485.23,"6,997,922"
10/21/2020,501.03,506.85,488.25,489.05,"17,405,711"
10/20/2020,528.14,533.78,522.26,525.42,"10,047,180"
10/19/2020,537.07,541.8,525.38,530.72,"7,567,506"
10/16/2020,549.5,554.33,530.03,530.79,"6,347,363"
10/15/2020,545.52,551.22,535.1,541.94,"5,113,126"
10/14/2020,562.61,572.49,541.0,541.45,"9,510,081"
10/13/2020,540.56,557.65,537.2,554.09,"5,602,498"
10/12/2020,548.81,551.81,538.24,539.81,"5,391,074"
10/09/2020,537.83,544.28,535.0,539.44,"4,781,259"
10/08/2020,533.48,535.0,524.15,531.79,"5,386,488"
10/07/2020,518.0,536.49,515.82,534.66,"7,988,683"
10/06/2020,518.72,521.82,504.16,505.87,"4,199,034"
10/05/2020,506.8,520.99,501.7,520.65,"4,088,069"
10/02/2020,516.43,526.37,502.7,503.06,"6,071,165"
10/01/2020,506.03,529.55,503.6,527.51,"8,153,710"
09/30/2020,492.57,504.63,489.27,500.03,"4,634,111"
09/29/2020,489.5,496.29,486.53,493.48,"3,543,193"
09/28/2020,489.11,492.0,477.88,490.65,"4,773,497"
09/25/2020,474.39,484.87,468.03,482.88,"3,769,436"
09/24/2020,470.53,477.0,467.82,473.08,"3,727,201"
09/23/2020,491.04,491.04,469.0,470.61,"3,726,423"
09/22/2020,489.01,491.82,479.26,491.17,"3,482,324"
09/21/2020,467.69,487.78,466.32,487.35,"5,457,539"
09/18/2020,472.51,479.4,458.6,469.96,"6,717,711"
09/17/2020,475.16,478.4,463.27,470.2,"5,379,301"
09/16/2020,499.99,504.66,483.31,483.86,"4,401,412"
09/15/2020,484.0,497.47,481.63,495.99,"5,336,992"
09/14/2020,480.62,488.99,471.3,476.26,"7,359,126"
09/11/2020,486.49,493.73,476.81,482.03,"5,035,200"
09/10/2020,503.35,506.29,478.84,480.67,"6,240,181"
09/09/2020,519.21,520.0,492.57,500.19,"6,848,127"
09/08/2020,498.4,522.0,495.0,507.02,"5,572,684"
09/04/2020,520.18,527.36,485.98,516.05,"8,270,118"
09/03/2020,545.0,554.0,521.32,525.75,"9,071,089"
09/02/2020,553.78,556.5,537.37,552.84,"5,886,930"
09/01/2020,532.6,557.39,532.45,556.55,"9,581,907"
08/31/2020,521.16,531.99,517.58,529.56,"4,941,409"
08/28/2020,532.0,539.0,522.0,523.89,"4,417,517"
08/27/2020,537.78,541.0,521.25,526.27,"9,062,912"
08/26/2020,492.5,549.04,492.08,547.53,"20,373,680"
08/25/2020,488.19,492.47,485.09,490.58,"5,727,721"
08/24/2020,495.44,501.0,483.16,488.81,"4,762,183"
08/21/2020,496.46,498.13,490.0,492.31,"3,921,293"
08/20/2020,484.69,498.94,483.89,497.9,"5,132,480"
08/19/2020,493.93,494.5,483.5,484.53,"3,156,218"
08/18/2020,484.35,495.3,482.8,491.87,"3,505,518"
08/17/2020,484.19,486.24,479.1,482.35,"2,423,545"
08/14/2020,482.82,488.33,480.21,482.68,"2,943,487"
08/13/2020,478.4,484.45,476.45,481.33,"3,008,933"
08/12/2020,471.34,482.49,470.18,475.47,"5,441,243"
08/11/2020,479.75,480.92,466.55,466.93,"7,329,226"
08/10/2020,493.35,497.46,478.63,483.38,"4,691,185"
08/07/2020,505.45,508.29,486.68,494.73,"5,910,348"
08/06/2020,504.11,510.82,498.7,509.08,"3,725,861"
08/05/2020,508.68,510.1,501.2,502.11,"4,313,526"
08/04/2020,498.65,510.44,498.65,509.64,"5,607,968"
08/03/2020,490.86,503.09,490.23,498.62,"5,876,190"
07/31/2020,488.29,494.8,484.5,488.88,"5,924,310"
07/30/2020,480.71,488.35,477.51,485.8,"6,608,569"
07/29/2020,492.25,494.92,484.13,484.48,"6,611,769"
07/28/2020,496.02,497.79,487.76,488.51,"5,986,727"
07/27/2020,484.51,496.92,482.31,495.65,"7,863,069"
07/24/2020,468.77,487.17,467.54,480.45,"7,746,247"
07/23/2020,491.13,491.9,472.02,477.58,"7,722,034"
07/22/2020,492.19,497.2,487.2,489.82,"6,954,078"
07/21/2020,506.0,506.22,488.61,490.1,"9,127,218"
07/20/2020,489.14,504.5,484.2,502.41,"11,940,310"
07/17/2020,494.87,503.59,484.14,492.99,"24,991,350"
07/16/2020,526.48,535.54,504.36,527.39,"24,498,990"
07/15/2020,516.3,529.0,510.18,523.26,"10,066,650"
07/14/2020,517.08,525.5,490.49,524.88,"15,083,300"
07/13/2020,567.98,575.37,520.96,525.5,"18,399,020"
07/10/2020,519.73,555.88,511.28,548.73,"21,605,590"
07/09/2020,508.4,510.0,495.78,507.76,"5,840,541"
07/08/2020,498.58,505.1,493.81,502.78,"5,691,682"
07/07/2020,497.31,504.82,490.83,493.16,"5,669,870"
07/06/2020,480.77,499.5,479.8,493.81,"7,838,990"
07/02/2020,485.64,492.28,475.53,476.89,"6,351,485"
07/01/2020,454.0,488.23,454.0,485.64,"9,705,870"
06/30/2020,450.02,457.59,447.0,455.04,"4,198,545"
06/29/2020,445.23,447.67,432.14,447.24,"4,843,978"
06/26/2020,466.39,468.03,442.24,443.4,"6,804,726"
06/25/2020,458.86,467.01,454.0,465.91,"4,134,513"
06/24/2020,468.54,472.36,454.0,457.85,"4,826,191"
06/23/2020,466.5,474.01,464.5,466.26,"5,948,436"
06/22/2020,455.01,468.59,454.21,468.04,"6,272,105"
06/19/2020,449.12,453.97,445.6,453.72,"5,933,651"
06/18/2020,448.73,452.76,442.8,449.87,"4,277,627"
06/17/2020,441.82,450.46,439.22,447.77,"6,529,568"
06/16/2020,425.76,437.96,425.18,436.13,"5,514,016"
06/15/2020,421.4,426.49,415.42,425.5,"4,471,499"
06/12/2020,429.0,434.06,412.45,418.07,"6,461,127"
06/11/2020,428.2,445.57,424.16,425.56,"7,462,868"
06/10/2020,436.0,439.69,430.55,434.48,"4,896,893"
06/09/2020,421.65,434.73,420.31,434.05,"6,796,999"
06/08/2020,416.0,420.8,406.5,419.49,"5,851,453"
06/05/2020,407.29,420.24,404.25,419.6,"5,099,561"
06/04/2020,422.39,428.71,410.03,414.33,"5,410,529"
06/03/2020,426.95,427.1,418.05,421.97,"4,316,044"
06/02/2020,425.87,427.59,419.46,427.31,"3,494,801"
06/01/2020,418.83,426.72,415.98,425.92,"3,748,573"
05/29/2020,417.46,420.3,411.85,419.73,"5,270,484"
05/28/2020,417.24,422.37,411.5,413.44,"5,660,160"
05/27/2020,410.38,420.02,397.86,419.89,"10,446,340"
05/26/2020,427.77,428.5,413.14,414.77,"7,881,115"
05/22/2020,437.0,439.09,427.18,429.32,"5,422,334"
05/21/2020,448.56,448.96,430.25,436.25,"9,117,325"
05/20/2020,454.25,455.81,444.0,447.67,"5,607,257"
05/19/2020,453.4,458.97,450.47,451.04,"4,810,487"
05/18/2020,451.16,456.36,443.35,452.58,"7,780,309"
05/15/2020,440.7,455.0,437.51,454.19,"7,243,998"
05/14/2020,444.9,452.38,432.82,441.95,"9,007,467"
05/13/2020,435.69,447.0,427.27,438.27,"7,014,563"
05/12/2020,442.0,444.17,431.36,431.82,"4,598,211"
05/11/2020,436.33,444.89,435.56,440.52,"5,486,037"
05/08/2020,434.14,442.0,433.64,435.55,"5,054,308"
05/07/2020,436.89,438.88,430.66,436.53,"5,650,281"
05/06/2020,429.3,439.77,426.39,434.26,"6,660,737"
05/05/2020,427.56,431.0,421.56,424.68,"6,286,293"
05/04/2020,417.78,428.54,414.87,428.15,"7,799,058"
05/01/2020,415.1,427.97,411.73,415.27,"8,299,858"
04/30/2020,410.31,424.44,408.0,419.85,"7,953,975"
04/29/2020,399.53,415.86,393.6,411.89,"9,693,137"
04/28/2020,419.99,421.0,402.91,403.83,"10,101,230"
04/27/2020,425.0,429.0,420.84,421.38,"6,277,480"
04/24/2020,425.0,427.17,415.88,424.99,"8,670,362"
04/23/2020,419.26,438.41,419.26,426.7,"13,952,330"
04/22/2020,429.73,433.0,413.0,421.42,"21,123,770"
04/21/2020,444.77,447.0,425.6,433.83,"23,177,551"
04/20/2020,435.17,444.49,430.56,437.49,"12,655,820"
04/17/2020,431.0,432.0,414.7,422.96,"12,616,260"
04/16/2020,437.0,449.52,431.61,439.17,"16,128,670"
04/15/2020,413.0,434.98,412.25,426.75,"13,561,220"
04/14/2020,397.5,417.82,394.85,413.55,"11,580,980"
04/13/2020,371.31,400.51,367.7,396.72,"11,692,920"
04/09/2020,371.06,372.1,363.03,370.72,"7,711,296"
04/08/2020,374.01,378.39,368.31,371.12,"6,908,879"
04/07/2020,380.0,381.33,369.34,372.28,"7,046,438"
04/06/2020,365.22,380.29,361.71,379.96,"8,121,240"
04/03/2020,367.47,370.9,357.51,361.76,"4,860,768"
04/02/2020,364.08,370.99,360.06,370.08,"4,592,477"
04/01/2020,376.05,380.23,361.02,364.08,"6,672,454"
03/31/2020,367.93,383.01,366.44,375.5,"9,366,464"
03/30/2020,363.0,377.8,361.17,370.96,"8,621,964"
03/27/2020,359.09,368.56,353.0,357.12,"7,948,775"
03/26/2020,344.0,363.84,341.73,362.99,"7,235,016"
03/25/2020,361.02,362.0,339.17,342.39,"8,767,171"
03/24/2020,369.99,372.93,353.03,357.32,"11,638,680"
03/23/2020,347.89,366.11,340.88,360.27,"13,449,380"
03/20/2020,342.31,350.49,332.0,332.83,"10,853,850"
03/19/2020,324.33,348.51,316.82,332.03,"10,615,960"
03/18/2020,302.4,331.58,300.0,315.47,"12,593,650"
03/17/2020,306.19,322.9,290.25,319.75,"10,013,910"
03/16/2020,306.63,334.35,294.75,298.84,"10,559,940"
03/13/2020,330.51,336.42,307.39,336.3,"9,458,197"
03/12/2020,326.5,335.72,307.32,315.25,"12,071,590"
03/11/2020,358.92,362.98,344.79,349.92,"6,058,782"
03/10/2020,356.43,364.54,347.85,364.13,"7,604,444"
03/09/2020,343.86,357.47,341.72,346.49,"7,405,458"
03/06/2020,367.7,371.31,356.85,368.97,"8,147,165"
03/05/2020,381.0,391.4,368.64,372.78,"8,746,985"
03/04/2020,377.77,384.01,370.51,383.79,"5,487,340"
03/03/2020,381.03,393.52,367.4,368.77,"8,364,623"
03/02/2020,373.11,381.36,364.5,381.05,"6,997,891"
02/28/2020,364.21,376.77,356.8,369.03,"11,178,570"
02/27/2020,371.46,391.56,370.6,371.71,"10,967,700"
02/26/2020,366.31,382.0,365.0,379.24,"8,961,126"
02/25/2020,372.0,375.65,357.72,360.09,"6,481,243"
02/24/2020,364.76,372.82,361.0,368.7,"6,936,418"
02/21/2020,385.33,387.32,377.9,380.07,"3,935,618"
02/20/2020,386.56,389.7,376.68,386.0,"4,079,425"
02/19/2020,388.12,392.95,384.9,386.19,"4,896,368"
02/18/2020,379.3,389.54,379.19,387.78,"5,180,400"
02/14/2020,381.47,385.15,379.43,380.4,"3,736,266"
02/13/2020,376.96,385.37,376.51,381.4,"4,485,383"
02/12/2020,377.18,380.62,375.88,380.01,"4,624,772"
02/11/2020,373.75,378.11,369.72,373.69,"4,772,870"
02/10/2020,365.0,374.8,362.52,371.07,"5,294,138"
02/07/2020,365.04,371.8,363.57,366.77,"4,385,227"
02/06/2020,369.6,371.55,362.51,366.95,"3,920,428"
02/05/2020,375.13,375.25,362.3,369.67,"6,437,026"
02/04/2020,361.0,369.57,356.1,369.01,"7,161,451"
02/03/2020,347.24,359.63,346.28,358.0,"6,674,885"
01/31/2020,347.39,347.39,340.98,345.09,"5,230,001"
01/30/2020,341.1,348.2,339.25,347.74,"5,328,136"
01/29/2020,349.0,349.4,338.55,343.16,"7,649,183"
01/28/2020,345.88,352.4,342.78,348.52,"6,821,581"
01/27/2020,345.95,351.9,341.02,342.88,"7,709,482"
01/24/2020,348.46,359.85,345.88,353.16,"17,939,680"
01/23/2020,326.04,349.88,325.01,349.6,"18,200,289"
01/22/2020,332.55,336.3,323.6,326.0,"21,729,961"
01/21/2020,340.0,341.0,332.59,338.11,"14,350,320"
01/17/2020,341.0,341.57,337.38,339.67,"6,066,547"
01/16/2020,343.5,343.56,335.85,338.62,"5,015,997"
01/15/2020,338.68,343.17,336.6,339.07,"5,158,035"
01/14/2020,344.4,345.38,335.52,338.69,"7,201,544"
01/13/2020,331.8,340.85,331.51,338.92,"6,296,174"
01/10/2020,337.13,338.5,327.27,329.05,"4,720,540"
01/09/2020,342.0,343.42,334.61,335.66,"4,717,430"
01/08/2020,331.49,342.7,331.05,339.26,"7,109,117"
01/07/2020,336.47,336.7,330.3,330.75,"4,742,458"
01/06/2020,323.12,336.36,321.2,335.83,"5,668,577"
01/03/2020,326.78,329.86,325.53,325.9,"3,795,466"
01/02/2020,326.1,329.98,324.78,329.81,"4,348,493"
12/31/2019,322.0,324.92,321.09,323.57,"3,714,837"
12/30/2019,329.08,329.19,322.86,323.31,"4,315,267"
12/27/2019,332.96,333.82,326.01,329.09,"5,037,156"
12/26/2019,334.6,336.46,332.01,332.63,"3,595,854"
12/24/2019,334.01,335.7,331.6,333.2,"2,019,322"
12/23/2019,337.76,337.95,331.02,333.1,"5,767,937"
12/20/2019,335.0,338.0,330.6,336.9,"9,923,260"
12/19/2019,324.5,332.83,324.18,332.22,"9,833,355"
12/18/2019,316.26,325.36,315.6,320.8,"11,210,740"
12/17/2019,307.36,316.8,306.6,315.48,"10,437,130"
12/16/2019,300.85,305.71,298.63,304.21,"4,660,166"
12/13/2019,298.5,301.8,297.25,298.5,"3,879,324"
12/12/2019,295.67,299.17,295.06,298.44,"4,771,404"
12/11/2019,294.49,299.43,294.2,298.93,"5,607,155"
12/10/2019,296.12,298.94,292.02,293.12,"10,481,240"
12/09/2019,307.35,311.49,302.44,302.5,"5,766,006"
12/06/2019,304.7,307.85,302.6,307.35,"4,459,684"
12/05/2019,305.27,306.48,298.81,302.86,"4,618,867"
12/04/2019,308.43,308.43,303.27,304.32,"3,513,551"
12/03/2019,302.22,307.36,301.88,306.16,"5,272,447"
12/02/2019,314.39,314.39,303.75,309.99,"6,223,135"
11/29/2019,315.78,316.62,313.34,314.66,"2,411,749"
11/27/2019,313.93,316.82,312.75,315.93,"4,100,975"
11/26/2019,315.0,316.5,311.69,312.49,"5,328,348"
11/25/2019,308.83,315.73,305.25,315.55,"7,878,943"
11/22/2019,309.1,311.4,304.41,310.48,"5,970,056"
11/21/2019,306.0,312.69,304.26,311.69,"7,488,373"
11/20/2019,301.01,308.25,301.0,305.16,"5,115,546"
11/19/2019,304.01,305.67,298.52,302.6,"5,919,710"
11/18/2019,296.0,304.99,293.28,302.57,"8,621,566"
11/15/2019,290.59,295.82,287.57,295.03,"6,337,779"
11/14/2019,283.25,290.63,283.22,289.62,"6,539,771"
11/13/2019,291.03,293.41,281.14,283.11,"9,233,066"
11/12/2019,295.32,295.35,288.7,292.01,"5,774,833"
11/11/2019,289.16,296.36,288.5,294.18,"3,945,885"
11/08/2019,288.73,293.99,287.51,291.57,"4,509,588"
11/07/2019,290.7,298.19,288.27,289.57,"5,928,471"
11/06/2019,288.19,290.56,285.84,288.59,"3,438,257"
11/05/2019,289.99,291.19,286.31,288.03,"4,062,370"
11/04/2019,288.0,295.39,287.16,292.86,"5,566,213"
11/01/2019,288.7,289.12,283.02,286.81,"5,594,293"
10/31/2019,291.0,291.45,284.78,287.41,"5,090,021"
10/30/2019,284.34,293.49,283.0,291.45,"9,345,562"
10/29/2019,281.87,284.41,277.55,281.21,"4,356,181"
10/28/2019,278.05,285.75,277.35,281.86,"6,248,433"
10/25/2019,270.68,277.77,270.18,276.82,"4,747,829"
10/24/2019,271.81,274.02,268.8,271.5,"4,911,033"
10/23/2019,268.06,273.92,266.63,271.27,"7,154,430"
10/22/2019,271.16,275.41,265.8,266.69,"11,865,590"
10/21/2019,272.89,279.94,269.0,278.05,"12,633,960"
10/18/2019,289.36,290.9,273.36,275.3,"23,449,641"
10/17/2019,304.49,308.75,288.3,293.35,"38,462,340"
10/16/2019,283.12,288.17,280.74,286.28,"18,413,340"
10/15/2019,283.82,285.87,279.4,284.25,"7,728,161"
10/14/2019,283.93,286.93,282.0,285.53,"5,543,120"
10/11/2019,284.8,287.87,275.89,282.93,"8,817,301"
10/10/2019,265.97,280.53,265.03,280.48,"10,961,190"
10/09/2019,270.02,271.0,264.57,267.53,"6,843,488"
10/08/2019,273.03,275.53,270.64,270.72,"6,302,269"
10/07/2019,271.99,276.68,271.28,274.46,"6,796,811"
10/04/2019,268.2,275.48,266.47,272.79,"9,992,774"
10/03/2019,267.78,268.84,257.01,268.15,"9,068,810"
10/02/2019,263.61,269.35,262.19,268.03,"7,773,299"
10/01/2019,267.35,272.2,264.03,269.58,"8,786,284"
09/30/2019,264.0,268.88,262.78,267.62,"6,823,100"
09/27/2019,266.18,267.44,260.39,263.08,"7,367,491"
09/26/2019,266.42,268.05,260.2,263.31,"7,696,858"
09/25/2019,255.71,266.6,253.7,264.75,"11,846,750"
09/24/2019,262.5,265.0,252.28,254.59,"16,392,811"
09/23/2019,268.35,273.39,261.89,265.92,"13,610,290"
09/20/2019,280.26,282.5,266.0,270.75,"23,954,189"
09/19/2019,291.56,293.81,283.4,286.6,"8,545,761"
09/18/2019,294.99,296.05,287.45,291.56,"7,841,539"
09/17/2019,294.5,299.15,291.79,298.6,"4,817,119"
09/16/2019,294.23,297.43,289.78,294.29,"5,307,386"
09/13/2019,290.61,296.62,290.04,294.15,"6,583,124"
09/12/2019,288.1,292.73,286.6,288.86,"5,010,927"
09/11/2019,285.7,292.65,284.61,288.27,"7,405,949"
09/10/2019,291.16,297.17,282.66,287.99,"12,320,250"
09/09/2019,294.81,301.55,290.6,294.34,"8,232,744"
09/06/2019,293.35,293.35,287.03,290.17,"5,166,556"
09/05/2019,285.32,293.97,282.79,293.25,"8,972,356"
09/04/2019,291.25,292.38,286.51,291.52,"4,653,665"
09/03/2019,290.82,293.9,288.06,289.29,"3,684,177"
08/30/2019,298.78,298.94,290.85,293.75,"4,447,990"
08/29/2019,295.0,299.93,294.99,296.78,"4,392,532"
08/28/2019,289.47,292.82,287.75,291.77,"3,958,043"
08/27/2019,294.54,296.77,287.2,291.03,"6,314,559"
08/26/2019,295.24,296.95,292.5,294.98,"4,696,982"
08/23/2019,295.0,299.01,290.32,291.44,"6,331,189"
08/22/2019,298.65,300.33,293.15,296.93,"4,977,042"
08/21/2019,301.61,302.88,296.2,297.81,"5,689,746"
08/20/2019,304.57,305.0,297.68,298.99,"7,352,162"
08/19/2019,306.25,311.75,304.75,309.38,"4,951,733"
08/16/2019,298.86,303.55,296.27,302.8,"7,090,757"
08/15/2019,299.5,300.63,288.0,295.76,"9,683,384"
08/14/2019,308.01,308.41,298.01,299.11,"7,355,753"
08/13/2019,309.77,316.43,308.16,312.28,"5,338,761"
08/12/2019,305.46,312.89,303.24,310.83,"6,531,722"
08/09/2019,313.74,316.64,305.68,308.93,"5,349,059"
08/08/2019,311.03,316.36,306.63,315.9,"5,905,865"
08/07/2019,302.56,305.0,296.81,304.29,"9,322,433"
08/06/2019,310.58,311.88,305.3,310.1,"6,179,090"
08/05/2019,310.96,313.42,304.68,307.63,"8,692,485"
08/02/2019,317.49,319.41,311.8,318.83,"6,280,343"
08/01/2019,324.25,328.58,318.74,319.5,"6,563,156"
07/31/2019,325.16,331.77,318.53,322.99,"6,259,494"
07/30/2019,329.2,329.65,323.23,325.93,"6,029,320"
07/29/2019,335.98,336.4,328.77,332.7,"5,782,817"
07/26/2019,328.79,336.0,327.5,335.78,"10,847,500"
07/25/2019,318.86,327.69,316.3,326.46,"10,798,500"
07/24/2019,310.51,319.99,307.25,317.94,"11,961,820"
07/23/2019,311.44,313.5,306.0,307.3,"9,171,068"
07/22/2019,312.0,314.54,305.81,310.62,"17,725,330"
07/19/2019,323.4,325.85,314.23,315.1,"16,302,480"
07/18/2019,323.76,329.85,320.3,325.21,"31,305,900"
07/17/2019,366.25,366.5,361.75,362.44,"13,639,540"
07/16/2019,370.09,371.34,364.92,365.99,"5,863,222"
07/15/2019,372.94,373.68,362.3,366.6,"7,944,680"
07/12/2019,378.68,379.74,372.79,373.25,"6,636,937"
07/11/2019,381.1,384.54,378.8,379.5,"4,336,287"
07/10/2019,382.77,384.34,377.4,381.0,"5,878,790"
07/09/2019,379.06,384.76,377.5,379.93,"6,932,822"
07/08/2019,378.19,378.25,375.36,376.16,"3,113,402"
07/05/2019,378.29,381.4,375.56,380.55,"3,732,162"
07/03/2019,376.69,381.99,375.84,381.72,"3,799,009"
07/02/2019,374.89,376.0,370.31,375.43,"3,628,962"
07/01/2019,373.5,376.66,372.0,374.6,"5,001,518"
06/28/2019,370.26,371.54,364.87,367.32,"4,592,706"
06/27/2019,363.2,370.85,363.2,370.02,"4,138,575"
06/26/2019,361.6,366.79,361.6,362.2,"3,669,677"
06/25/2019,370.75,371.0,358.29,360.3,"5,750,383"
06/24/2019,370.27,375.0,370.2,371.04,"4,830,240"
06/21/2019,365.0,371.45,365.0,369.21,"7,448,356"
06/20/2019,365.91,370.12,361.22,365.21,"5,899,467"
06/19/2019,361.72,364.74,356.12,363.52,"5,667,156"
06/18/2019,355.57,361.5,353.75,357.12,"5,428,542"
06/17/2019,342.69,351.77,342.06,350.62,"5,358,219"
06/14/2019,341.63,343.4,336.16,339.73,"5,019,011"
06/13/2019,347.23,348.5,339.25,343.43,"6,209,347"
06/12/2019,351.82,353.61,343.23,345.56,"4,584,704"
06/11/2019,355.0,357.58,348.5,351.27,"5,396,712"
06/10/2019,363.65,367.1,349.29,352.01,"7,810,261"
06/07/2019,357.39,365.15,355.69,360.87,"4,777,321"
06/06/2019,354.84,358.21,352.09,357.13,"3,709,955"
06/05/2019,354.38,357.88,348.71,355.73,"5,020,081"
06/04/2019,345.0,353.61,343.25,353.4,"7,891,632"
06/03/2019,343.56,347.66,332.65,336.63,"7,849,589"
05/31/2019,347.22,349.34,342.92,343.28,"5,023,449"
05/30/2019,350.55,354.21,348.3,351.85,"4,008,042"
05/29/2019,353.6,353.85,345.9,349.19,"5,658,913"
05/28/2019,354.39,361.2,353.64,354.78,"4,717,144"
05/24/2019,355.41,359.44,353.79,354.39,"3,830,963"
05/23/2019,355.5,357.42,347.7,352.21,"5,630,443"
05/22/2019,358.01,370.46,357.3,359.73,"6,229,389"
05/21/2019,350.95,356.43,349.93,354.27,"4,026,369"
05/20/2019,351.23,352.42,345.4,348.11,"4,621,515"
05/17/2019,356.39,359.62,353.79,354.45,"4,725,448"
05/16/2019,356.37,364.0,353.94,359.31,"6,441,463"
05/15/2019,343.34,356.5,341.39,354.99,"6,340,118"
05/14/2019,348.71,349.95,342.5,345.61,"5,353,029"
05/13/2019,352.29,354.26,343.1,345.26,"8,026,697"
05/10/2019,361.62,365.26,353.06,361.04,"5,657,123"
05/09/2019,360.9,364.2,352.75,362.75,"5,882,572"
05/08/2019,367.92,369.0,361.36,364.37,"6,571,957"
05/07/2019,377.0,379.91,365.81,370.46,"6,974,924"
05/06/2019,377.69,381.35,376.0,378.67,"5,793,144"
05/03/2019,381.53,385.03,378.27,385.03,"5,130,301"
05/02/2019,378.0,383.5,374.51,379.06,"5,398,167"
05/01/2019,374.0,385.99,373.17,378.81,"9,257,284"
04/30/2019,369.56,374.5,368.35,370.54,"3,870,095"
04/29/2019,373.68,374.58,369.12,371.83,"3,821,703"
04/26/2019,368.35,375.14,366.24,374.85,"5,621,901"
04/25/2019,374.49,374.76,365.7,368.33,"6,255,496"
04/24/2019,381.07,381.9,373.27,374.23,"6,541,872"
04/23/2019,375.45,384.8,374.71,381.89,"10,089,820"
04/22/2019,359.7,377.69,359.0,377.34,"11,980,530"
04/18/2019,355.0,360.41,351.64,360.35,"8,353,165"
04/17/2019,365.05,368.76,350.6,354.74,"18,054,100"
04/16/2019,355.0,364.48,352.72,359.46,"18,740,230"
04/15/2019,350.71,352.21,342.27,348.87,"8,842,344"
04/12/2019,360.69,361.75,349.36,351.14,"15,646,200"
04/11/2019,365.0,370.12,360.81,367.65,"6,526,899"
04/10/2019,365.79,368.85,362.25,363.92,"4,545,561"
04/09/2019,360.54,366.74,359.0,364.71,"5,439,228"
04/08/2019,365.11,365.94,359.93,361.41,"4,653,810"
04/05/2019,369.0,369.8,364.66,365.49,"3,905,493"
04/04/2019,370.07,372.05,362.4,367.88,"4,627,305"
04/03/2019,369.26,373.41,366.19,369.75,"5,376,623"
04/02/2019,366.25,368.42,362.22,367.72,"5,158,742"
04/01/2019,359.0,368.33,358.51,366.96,"7,036,097"
03/29/2019,357.16,358.25,353.71,356.56,"4,705,636"
03/28/2019,354.49,355.94,349.2,354.61,"4,360,960"
03/27/2019,361.0,362.47,350.37,353.37,"7,852,370"
03/26/2019,367.87,368.38,358.02,359.97,"7,666,475"
03/25/2019,359.0,367.04,357.44,366.23,"8,473,845"
03/22/2019,375.95,376.43,360.04,361.01,"8,661,346"
03/21/2019,374.0,379.0,370.61,377.87,"8,544,017"
03/20/2019,358.91,375.9,357.01,375.22,"10,917,170"
03/19/2019,366.4,366.96,356.8,358.78,"7,541,425"
03/18/2019,362.47,370.97,361.86,363.44,"7,194,726"
03/15/2019,361.02,364.0,358.89,361.46,"8,443,210"
03/14/2019,360.5,363.84,358.1,358.82,"5,271,429"
03/13/2019,355.81,362.48,352.77,361.21,"6,444,092"
03/12/2019,359.37,360.13,353.8,356.27,"5,164,571"
03/11/2019,352.0,358.98,350.03,358.86,"5,387,285"
03/08/2019,345.75,349.92,342.47,349.6,"6,898,838"
03/07/2019,360.16,362.86,350.5,352.6,"6,151,331"
03/06/2019,353.6,359.88,351.7,359.61,"6,211,895"
03/05/2019,351.46,356.17,348.25,354.3,"5,937,754"
03/04/2019,359.72,362.25,348.04,351.04,"7,486,996"
03/01/2019,362.26,362.87,354.69,357.32,"5,526,539"
02/28/2019,362.47,366.39,357.71,358.1,"6,186,763"
02/27/2019,363.5,368.03,359.8,362.87,"5,629,945"
02/26/2019,362.98,365.7,359.33,364.97,"4,944,593"
02/25/2019,367.01,371.49,363.79,363.91,"7,569,320"
02/22/2019,360.34,366.13,360.05,363.02,"7,088,214"
02/21/2019,360.03,362.85,353.88,356.97,"6,227,897"
02/20/2019,364.85,366.71,356.7,359.91,"8,110,741"
02/19/2019,355.8,365.0,355.32,361.92,"7,396,559"
02/15/2019,358.47,364.4,355.5,356.87,"9,229,980"
02/14/2019,351.75,360.45,348.33,359.07,"9,295,338"
02/13/2019,357.3,359.6,350.28,351.77,"10,559,150"
02/12/2019,348.09,360.0,346.52,359.97,"10,429,400"
02/11/2019,350.0,352.87,344.81,345.73,"5,454,863"
02/08/2019,338.0,348.0,338.0,347.57,"7,561,391"
02/07/2019,347.9,348.75,339.02,344.71,"7,864,529"
02/06/2019,357.0,357.04,347.19,352.19,"6,717,662"
02/05/2019,353.2,360.0,352.9,355.81,"9,046,623"
02/04/2019,342.6,352.0,341.3,351.34,"9,051,387"
02/01/2019,337.18,346.84,336.5,339.85,"9,827,760"
01/31/2019,339.68,345.99,338.09,339.5,"8,535,517"
01/30/2019,332.75,341.78,330.8,340.66,"9,234,530"
01/29/2019,335.87,338.22,328.15,328.9,"7,655,189"
01/28/2019,334.7,336.3,328.88,335.66,"8,652,082"
01/25/2019,328.72,340.0,328.51,338.05,"11,166,610"
01/24/2019,320.6,331.8,319.0,326.67,"11,131,630"
01/23/2019,328.25,331.75,318.6,321.99,"13,480,140"
01/22/2019,334.89,336.88,321.03,325.16,"17,941,420"
01/18/2019,351.97,353.0,336.73,339.1,"26,621,039"
01/17/2019,349.5,355.79,346.41,353.19,"18,871,199"
01/16/2019,354.0,358.85,348.11,351.39,"15,385,550"
01/15/2019,349.6,357.22,347.0,354.64,"21,181,230"
01/14/2019,334.24,335.48,329.13,332.94,"10,499,580"
01/11/2019,330.96,341.09,328.52,337.59,"19,500,430"
01/10/2019,314.57,325.37,312.5,324.66,"13,472,480"
01/09/2019,317.71,323.35,313.5,319.96,"13,343,150"
01/08/2019,319.98,320.59,308.01,320.27,"15,359,180"
01/07/2019,302.1,316.8,301.65,315.34,"18,620,119"
01/04/2019,281.88,297.8,278.54,297.57,"19,330,100"
01/03/2019,270.2,275.79,264.43,271.2,"14,969,650"
01/02/2019,259.28,269.75,256.58,267.66,"11,679,530"
12/31/2018,260.16,270.1,260.0,267.66,"13,508,920"
12/28/2018,257.94,261.91,249.8,256.08,"10,987,290"
12/27/2018,250.11,255.59,240.1,255.57,"12,235,220"
12/26/2018,233.92,254.5,231.23,253.67,"14,402,740"
12/24/2018,242.0,250.65,233.68,233.88,"9,547,616"
12/21/2018,263.83,264.5,241.29,246.39,"21,397,600"
12/20/2018,264.64,269.9,251.88,260.58,"16,792,930"
12/19/2018,269.96,280.87,263.77,266.77,"13,788,450"
12/18/2018,263.3,275.75,263.29,270.94,"10,350,080"
12/17/2018,266.51,272.98,261.08,262.8,"9,634,734"
12/14/2018,271.81,277.67,265.0,266.84,"9,915,319"
12/13/2018,277.64,279.32,271.85,276.02,"8,379,292"
12/12/2018,267.66,281.77,266.48,274.88,"11,456,720"
12/11/2018,274.08,274.5,262.76,265.32,"9,843,199"
12/10/2018,264.19,271.18,260.61,269.7,"9,605,553"
12/07/2018,282.48,284.21,263.38,265.14,"12,466,710"
12/06/2018,268.33,283.22,267.14,282.88,"13,074,320"
12/04/2018,288.13,295.74,274.72,275.33,"12,800,590"
12/03/2018,293.19,298.72,284.58,290.3,"14,117,370"
11/30/2018,288.0,290.81,283.06,286.13,"11,860,120"
11/29/2018,282.32,290.49,275.5,288.75,"15,431,540"
11/28/2018,271.98,284.0,263.34,282.65,"14,801,330"
11/27/2018,259.24,269.08,256.14,266.63,"11,149,500"
11/26/2018,260.55,266.25,253.8,261.43,"12,498,560"
11/23/2018,260.11,265.5,256.84,258.82,"5,245,123"
11/21/2018,274.42,275.34,261.51,262.13,"11,023,040"
11/20/2018,254.63,276.34,250.0,266.98,"16,693,811"
11/19/2018,283.79,285.09,269.15,270.6,"12,993,800"
11/16/2018,287.14,291.72,281.0,286.21,"9,099,485"
11/15/2018,285.51,292.5,282.16,290.06,"9,967,098"
11/14/2018,300.4,301.84,278.3,286.73,"16,853,570"
11/13/2018,295.0,303.55,289.1,294.4,"12,232,160"
11/12/2018,300.0,302.49,290.63,294.07,"10,924,830"
11/09/2018,311.07,312.98,298.01,303.47,"13,480,790"
11/08/2018,328.0,332.05,316.61,317.92,"11,023,850"
11/07/2018,312.9,328.56,311.0,327.5,"13,328,330"
11/06/2018,314.76,320.22,305.3,310.84,"9,710,424"
11/05/2018,311.1,317.53,303.74,315.44,"10,283,040"
11/02/2018,318.0,321.88,308.33,309.1,"13,404,650"
11/01/2018,304.59,318.45,296.67,317.38,"15,121,450"
10/31/2018,297.77,311.5,295.05,301.78,"20,360,340"
10/30/2018,275.57,290.53,271.21,285.81,"23,685,699"
10/29/2018,305.26,307.89,275.4,284.84,"21,698,840"
10/26/2018,300.51,313.99,292.3,299.83,"19,616,039"
10/25/2018,307.12,319.94,305.25,312.87,"13,346,920"
10/24/2018,332.28,333.0,300.73,301.83,"19,039,301"
10/23/2018,318.0,336.58,316.77,333.16,"14,907,330"
10/22/2018,333.1,335.8,320.34,329.54,"17,097,180"
10/19/2018,351.0,355.8,332.2,332.67,"16,717,230"
10/18/2018,360.67,362.2,346.05,346.71,"18,461,039"
10/17/2018,378.33,380.0,356.5,364.7,"32,610,949"
10/16/2018,337.24,347.95,330.56,346.4,"20,156,420"
10/15/2018,337.63,339.21,326.93,333.13,"11,214,960"
10/12/2018,339.57,341.3,328.9,339.56,"14,870,830"
10/11/2018,324.94,334.2,315.81,321.1,"16,082,060"
10/10/2018,353.52,355.15,325.39,325.89,"17,183,119"
10/09/2018,348.48,358.72,347.09,355.71,"8,754,990"
10/08/2018,345.18,352.95,338.11,349.1,"12,375,500"
10/05/2018,359.77,363.5,343.0,351.35,"13,522,960"
10/04/2018,375.88,375.92,360.4,363.65,"9,074,350"
10/03/2018,378.53,380.93,374.88,377.05,"5,798,605"
10/02/2018,384.38,386.8,373.83,377.14,"8,638,717"
10/01/2018,375.85,386.11,375.59,381.43,"8,376,560"
09/28/2018,379.24,380.8,373.73,374.13,"7,114,878"
09/27/2018,379.87,383.2,376.0,380.71,"7,326,246"
09/26/2018,373.59,382.0,370.88,377.88,"13,799,730"
09/25/2018,370.23,371.34,364.49,369.43,"6,799,816"
09/24/2018,359.0,373.64,354.33,369.61,"9,322,522"
09/21/2018,366.59,372.22,360.74,361.19,"11,930,570"
09/20/2018,370.26,370.26,363.17,365.36,"6,768,086"
09/19/2018,373.95,377.61,359.17,366.96,"11,876,840"
09/18/2018,353.67,368.15,351.56,367.65,"10,413,980"
09/17/2018,364.22,367.33,349.57,350.35,"7,071,945"
09/14/2018,368.55,371.09,363.46,364.56,"4,756,426"
09/13/2018,371.91,374.09,366.84,368.15,"8,366,122"
09/12/2018,359.08,370.43,356.24,369.95,"10,480,770"
09/11/2018,344.67,356.15,343.9,355.93,"6,198,063"
09/10/2018,352.27,352.5,343.08,348.41,"5,752,184"
09/07/2018,342.2,355.75,341.25,348.68,"9,105,817"
09/06/2018,347.44,356.0,341.99,346.46,"13,050,160"
09/05/2018,360.0,363.39,335.83,341.18,"13,092,850"
09/04/2018,366.47,368.88,361.26,363.6,"7,605,161"
08/31/2018,370.66,376.0,367.08,367.68,"7,943,443"
08/30/2018,365.0,376.81,363.54,370.98,"10,981,010"
08/29/2018,367.2,369.86,362.91,368.04,"8,118,734"
08/28/2018,367.23,369.99,360.38,368.49,"9,222,617"
08/27/2018,367.15,374.49,360.0,364.58,"17,427,301"
08/24/2018,346.0,359.15,344.54,358.82,"14,729,140"
08/23/2018,348.11,350.08,337.65,339.17,"11,336,430"
08/22/2018,338.49,346.21,337.41,344.44,"8,930,669"
08/21/2018,331.0,341.5,329.7,338.02,"14,783,250"
08/20/2018,314.64,331.6,310.93,327.73,"13,591,100"
08/17/2018,319.01,324.37,312.96,316.78,"10,407,910"
08/16/2018,329.9,331.17,321.21,322.44,"6,689,733"
08/15/2018,334.03,335.5,321.0,326.4,"11,784,490"
08/14/2018,342.09,342.41,336.25,337.49,"5,805,182"
08/13/2018,339.89,347.19,339.07,341.31,"6,893,649"
08/10/2018,346.91,349.1,344.42,345.87,"4,337,481"
08/09/2018,347.96,352.44,345.82,349.36,"4,820,313"
08/08/2018,352.21,352.29,346.61,347.61,"5,402,465"
08/07/2018,353.23,357.31,349.01,351.83,"7,970,930"
08/06/2018,342.87,351.98,341.74,350.92,"8,198,076"
08/03/2018,347.75,347.86,338.48,343.09,"8,848,367"
08/02/2018,337.23,345.0,334.71,344.5,"7,131,328"
08/01/2018,335.87,344.41,334.02,338.38,"7,790,477"
07/31/2018,331.51,342.5,328.0,337.45,"14,085,370"
07/30/2018,351.93,352.03,334.02,334.96,"18,260,711"
07/27/2018,366.85,367.0,351.65,355.21,"8,949,491"
07/26/2018,358.19,365.54,356.63,363.09,"6,993,684"
07/25/2018,357.57,363.28,355.65,362.87,"8,516,248"
07/24/2018,366.94,367.4,354.56,357.32,"12,851,460"
07/23/2018,359.15,363.9,353.6,362.66,"11,505,230"
07/20/2018,364.92,370.5,360.14,361.05,"15,113,740"
07/19/2018,371.06,375.75,363.0,364.23,"16,878,680"
07/18/2018,381.24,383.13,372.36,375.13,"21,746,270"
07/17/2018,346.95,385.0,344.0,379.48,"58,410,359"
07/16/2018,398.98,403.36,391.75,400.48,"22,959,980"
07/13/2018,409.19,410.0,395.08,395.8,"15,747,270"
07/12/2018,415.16,416.79,407.8,413.5,"12,743,270"
07/11/2018,411.34,419.77,410.6,418.65,"9,713,904"
07/10/2018,417.24,419.44,413.08,415.63,"9,382,944"
07/09/2018,415.95,419.12,411.1,418.97,"11,127,480"
07/06/2018,397.45,408.65,395.52,408.25,"8,629,606"
07/05/2018,393.8,399.24,390.86,398.39,"8,448,937"
07/03/2018,399.49,399.98,389.5,390.52,"5,280,344"
07/02/2018,385.45,398.38,380.0,398.18,"8,142,457"
06/29/2018,399.19,401.33,390.55,391.43,"9,252,511"
06/28/2018,395.0,396.9,387.1,395.42,"12,219,890"
06/27/2018,407.56,411.59,390.0,390.39,"16,541,430"
06/26/2018,393.28,404.78,389.05,399.39,"15,191,160"
06/25/2018,404.69,405.99,378.75,384.48,"22,490,920"
06/22/2018,419.98,420.5,409.65,411.09,"10,428,620"
06/21/2018,421.38,423.21,406.37,415.44,"18,389,939"
06/20/2018,415.15,419.47,409.6,416.76,"16,494,570"
06/19/2018,389.5,405.29,388.5,404.98,"16,697,100"
06/18/2018,387.72,393.16,386.5,390.4,"6,824,794"
06/15/2018,390.71,398.86,387.51,391.98,"13,588,110"
06/14/2018,384.27,395.03,383.25,392.87,"14,598,330"
06/13/2018,367.53,384.25,364.11,379.93,"18,222,801"
06/12/2018,363.6,365.98,362.0,363.83,"4,290,969"
06/11/2018,361.88,365.67,360.91,361.45,"4,432,445"
06/08/2018,358.06,362.39,356.25,360.57,"5,225,736"
06/07/2018,368.54,368.7,357.8,361.4,"8,278,040"
06/06/2018,367.78,369.68,363.33,367.45,"7,712,302"
06/05/2018,363.32,369.83,361.41,365.8,"8,358,045"
06/04/2018,362.69,363.0,355.51,361.81,"7,681,995"
06/01/2018,353.88,359.99,352.82,359.93,"7,112,292"
05/31/2018,353.8,355.53,350.21,351.6,"6,921,687"
05/30/2018,352.37,354.0,349.26,353.54,"5,685,531"
05/29/2018,351.5,356.1,346.71,349.73,"9,717,921"
05/25/2018,349.9,354.36,348.83,351.29,"7,817,400"
05/24/2018,344.34,354.0,341.12,349.29,"14,758,550"
05/23/2018,329.04,345.0,328.09,344.72,"10,049,150"
05/22/2018,334.05,336.63,331.15,331.62,"5,964,448"
05/21/2018,327.11,331.88,325.45,331.82,"6,657,326"
05/18/2018,324.9,326.42,322.8,324.18,"3,577,717"
05/17/2018,327.53,330.45,323.17,325.22,"4,935,708"
05/16/2018,326.28,329.72,325.14,328.19,"3,671,690"
05/15/2018,325.94,326.94,322.43,326.13,"4,746,096"
05/14/2018,327.25,330.5,327.04,328.53,"4,089,800"
05/11/2018,329.65,331.26,324.87,326.46,"4,589,731"
05/10/2018,331.5,332.06,327.34,329.6,"5,302,254"
05/09/2018,328.79,331.95,327.51,330.3,"5,633,444"
05/08/2018,325.9,327.35,323.05,326.89,"4,735,738"
05/07/2018,321.99,329.02,319.34,326.26,"7,117,823"
05/04/2018,308.71,320.98,307.67,320.09,"8,209,513"
05/03/2018,312.59,312.59,305.73,311.69,"6,135,828"
05/02/2018,311.65,317.1,310.4,313.36,"5,697,120"
05/01/2018,310.36,313.48,306.69,313.3,"6,036,639"
04/30/2018,311.07,317.88,310.12,312.46,"6,088,787"
04/27/2018,316.25,317.45,306.5,311.76,"7,074,384"
04/26/2018,310.0,316.63,305.58,313.98,"9,266,699"
04/25/2018,306.37,309.98,292.62,305.76,"14,919,700"
04/24/2018,319.22,320.25,302.31,307.02,"13,893,220"
04/23/2018,329.15,331.22,317.08,318.69,"8,968,015"
04/20/2018,332.22,336.51,326.0,327.77,"9,158,655"
04/19/2018,332.88,335.31,326.77,332.7,"8,438,825"
04/18/2018,336.3,338.82,331.1,334.52,"11,221,140"
04/17/2018,329.66,338.62,323.77,336.06,"33,866,461"
04/16/2018,315.99,316.1,304.0,307.78,"20,307,920"
04/13/2018,317.29,317.49,308.23,311.65,"12,046,570"
04/12/2018,309.72,311.13,306.75,309.25,"10,249,400"
04/11/2018,302.89,311.64,301.82,303.67,"14,877,430"
04/10/2018,297.68,298.95,291.69,298.07,"10,719,100"
04/09/2018,291.77,299.55,289.12,289.93,"9,853,564"
04/06/2018,289.1,298.85,285.65,288.85,"11,444,780"
04/05/2018,293.15,299.16,289.11,293.97,"10,655,180"
04/04/2018,273.63,290.31,271.22,288.94,"12,913,980"
04/03/2018,285.45,291.25,278.01,283.67,"12,694,860"
04/02/2018,291.94,292.87,275.05,280.29,"13,405,760"
03/29/2018,287.0,295.35,275.9,295.35,"19,145,520"
03/28/2018,298.39,298.8,281.61,285.77,"18,972,910"
03/27/2018,322.49,322.9,297.0,300.69,"12,068,630"
03/26/2018,309.36,321.03,302.0,320.35,"11,988,270"
03/23/2018,307.41,310.73,300.36,300.94,"9,529,948"
03/22/2018,313.07,314.12,305.66,306.7,"8,063,305"
03/21/2018,316.35,319.4,314.51,316.48,"5,263,911"
03/20/2018,313.26,319.5,312.8,317.5,"5,991,945"
03/19/2018,315.8,317.0,307.34,313.48,"9,925,162"
03/16/2018,321.42,324.11,318.37,318.45,"7,333,734"
03/15/2018,323.17,323.4,318.14,321.09,"5,642,883"
03/14/2018,318.16,323.88,317.7,321.55,"10,475,070"
03/13/2018,323.87,325.84,313.28,315.88,"12,917,220"
03/12/2018,333.56,333.98,318.6,321.3,"20,369,150"
03/09/2018,321.33,331.44,320.23,331.44,"14,500,220"
03/08/2018,322.2,322.92,314.13,317.0,"11,340,070"
03/07/2018,320.0,323.74,314.55,321.16,"17,132,221"
03/06/2018,319.88,325.79,316.5,325.22,"18,525,840"
03/05/2018,302.85,316.91,297.6,315.0,"18,986,100"
03/02/2018,284.65,301.18,283.23,301.05,"13,345,310"
03/01/2018,292.75,295.25,283.83,290.39,"11,932,050"
02/28/2018,293.1,295.75,290.78,291.38,"7,653,454"
02/27/2018,294.77,297.36,290.59,290.61,"9,416,489"
02/26/2018,288.75,295.65,287.01,294.16,"10,268,630"
02/23/2018,281.0,286.0,277.81,285.93,"7,301,809"
02/22/2018,283.88,284.5,274.45,278.14,"8,891,535"
02/21/2018,282.07,286.64,280.01,281.04,"9,371,121"
02/20/2018,277.74,285.81,276.61,278.55,"7,769,023"
02/16/2018,278.73,281.96,275.69,278.52,"8,312,380"
02/15/2018,270.03,280.5,267.63,280.27,"10,759,670"
02/14/2018,260.47,269.88,260.33,266.0,"10,971,990"
02/13/2018,257.29,261.41,254.7,258.27,"6,855,151"
02/12/2018,252.14,259.15,249.0,257.95,"8,534,906"
02/09/2018,253.85,255.8,236.11,249.47,"16,906,939"
02/08/2018,267.08,267.62,250.0,250.1,"9,306,701"
02/07/2018,266.58,272.45,264.33,264.56,"8,981,548"
02/06/2018,247.7,266.7,245.0,265.72,"12,595,800"
02/05/2018,262.0,267.9,250.03,254.26,"11,896,050"
02/02/2018,263.0,270.62,262.71,267.43,"9,123,610"
02/01/2018,266.41,271.95,263.38,265.07,"9,669,011"
01/31/2018,281.94,282.29,269.58,270.3,"11,695,070"
01/30/2018,277.0,282.73,272.7,278.8,"12,482,850"
01/29/2018,274.2,286.81,273.92,284.59,"17,529,750"
01/26/2018,271.49,274.6,268.76,274.6,"11,021,840"
01/25/2018,263.0,272.3,260.23,269.7,"15,336,380"
01/24/2018,250.88,261.71,249.31,261.3,"17,352,449"
01/23/2018,255.05,257.71,248.02,250.29,"27,705,330"
01/22/2018,222.0,227.79,221.2,227.58,"17,703,289"
01/19/2018,222.75,223.49,218.5,220.46,"10,548,570"
01/18/2018,220.34,220.58,216.55,220.33,"8,225,339"
01/17/2018,221.0,221.15,216.32,217.5,"9,123,056"
01/16/2018,224.24,226.07,217.2,221.53,"13,516,070"
01/12/2018,217.18,222.55,216.0,221.23,"8,199,423"
01/11/2018,214.29,217.75,213.35,217.24,"7,659,485"
01/10/2018,207.57,213.64,206.91,212.52,"5,951,486"
01/09/2018,212.11,212.98,208.59,209.31,"6,125,855"
01/08/2018,210.02,212.5,208.44,212.05,"5,580,178"
01/05/2018,207.25,210.02,205.59,209.99,"7,033,240"
01/04/2018,206.2,207.05,204.0,205.63,"6,029,616"
01/03/2018,202.05,206.21,201.5,205.05,"8,591,369"
01/02/2018,196.1,201.65,195.42,201.07,"10,966,890"
12/29/2017,192.51,193.95,191.22,191.96,"5,187,606"
12/28/2017,187.18,194.49,186.85,192.71,"10,107,390"
12/27/2017,187.8,188.1,185.22,186.24,"4,002,098"
12/26/2017,189.78,189.94,186.4,187.76,"3,045,652"
12/22/2017,188.33,190.95,186.8,189.94,"3,878,904"
12/21/2017,189.44,190.95,187.58,188.62,"4,729,836"
12/20/2017,187.94,189.11,185.26,188.82,"6,545,394"
12/19/2017,190.18,190.3,185.75,187.02,"7,032,978"
12/18/2017,191.2,191.65,188.9,190.42,"5,010,961"
12/15/2017,189.61,191.43,188.01,190.12,"7,285,641"
12/14/2017,187.98,192.64,187.2,189.56,"7,792,849"
12/13/2017,186.1,188.69,185.41,187.86,"4,710,041"
12/12/2017,186.01,187.85,184.82,185.73,"4,265,907"
12/11/2017,187.85,189.42,185.91,186.22,"5,298,583"
12/08/2017,186.5,189.42,186.3,188.54,"4,987,270"
12/07/2017,185.71,187.34,183.22,185.2,"4,659,542"
12/06/2017,183.38,186.48,182.88,185.3,"5,490,088"
12/05/2017,183.5,188.14,181.19,184.21,"5,783,697"
12/04/2017,189.36,189.72,178.38,184.04,"9,069,765"
12/01/2017,186.99,189.8,185.0,186.82,"6,219,531"
11/30/2017,190.31,190.86,186.68,187.58,"6,630,051"
11/29/2017,198.91,199.03,184.32,188.15,"14,202,710"
11/28/2017,195.34,199.68,194.01,199.18,"6,981,094"
11/27/2017,195.56,195.85,194.0,195.05,"3,210,145"
11/24/2017,196.65,196.9,195.33,195.75,"2,160,535"
11/22/2017,196.58,196.75,193.63,196.32,"5,895,402"
11/21/2017,195.04,197.52,194.97,196.23,"4,787,311"
11/20/2017,193.3,194.32,191.9,194.1,"3,827,474"
11/17/2017,195.74,195.95,192.65,193.2,"3,906,333"
11/16/2017,194.33,197.7,193.75,195.51,"5,678,355"
11/15/2017,194.54,195.42,191.53,192.12,"4,203,072"
11/14/2017,193.64,195.88,193.0,195.71,"3,450,513"
11/13/2017,191.12,196.05,191.0,195.08,"4,606,951"
11/10/2017,191.61,192.59,189.5,192.02,"6,622,168"
11/09/2017,194.46,194.49,190.81,193.9,"5,979,925"
11/08/2017,196.0,197.09,194.74,196.44,"4,237,398"
11/07/2017,200.0,200.61,194.8,195.89,"6,467,969"
11/06/2017,200.0,202.48,198.09,200.13,"5,846,581"
11/03/2017,199.8,200.55,197.99,200.01,"3,678,829"
11/02/2017,197.45,199.44,197.09,199.32,"3,606,332"
11/01/2017,197.24,199.2,196.0,198.0,"5,017,420"
10/31/2017,198.21,198.59,195.22,196.43,"5,518,595"
10/30/2017,199.62,201.1,197.07,198.37,"5,439,563"
10/27/2017,197.2,200.65,196.22,199.54,"8,128,567"
